{
    "Title": "Epileptic events database",
    "Authors": {
        "Names": [
            "Ludovic GARDY",
            "Jonathan CUROT",
            "Luc VALTON",
            "Christophe HURTER",
            "Emmanuel J. BARBEAU"
        ],
        "Titles": [
            "PhD - Research engineer",
            "MD, PhD - Epileptologist",
            "MD - Epileptologist",
            "PhD - Research director",
            "PhD - Professor"
        ],
        "Affiliations": [
            "CerCo, CNRS UMR5549, Toulouse, France",
            "Purpan Hospital and CerCo, CNRS UMR5549, Toulouse, France",
            "Purpan Hospital, Toulouse, France",
            "CerCo, CNRS UMR5549, Toulouse, France",
            "ENAC, Toulouse, France"
        ],
        "emails": [
            "ludovic.gardy@cnrs.fr",
            "curot.j@chu-toulouse.fr",
            "valton.l@chu-toulouse.fr",
            "christophe.hurter@enac.fr",
            "emmanuel.barbeau@cnrs.fr"
        ]
    },
    "last_event_done_(idx)": 0,
    "events_info": [
        {
            "ID": 140,
            "type": "Spk-FR",
            "patient_num": 20,
            "chan_type": "micro",
            "chan_name": "cp06",
            "sampling_frequency": 5000,
            "eventTime_inFilename_(s)": 93.4205,
            "event_duration_(s)": 0.0261,
            "scale_unit": "uV",
            "filename": "sub-020_ses-Micro5khz04_task-EPIFAR_run-03_ieeg.edf",
            "eventOnset_inDatabase_(ms)": 193.3617,
            "eventEnd_inDatabase_(ms)": 243.0223,
            "extracted_signal_duration_(ms)": 400.0,
            "electrode_name": "cp",
            "channel_num": "6",
            "repeated_event": false
        },
        {
            "ID": 144,
            "type": "Spk-FR",
            "patient_num": 20,
            "chan_type": "micro",
            "chan_name": "cp04",
            "sampling_frequency": 5000,
            "eventTime_inFilename_(s)": 97.0686,
            "event_duration_(s)": 0.0367,
            "scale_unit": "uV",
            "filename": "sub-020_ses-Micro5khz04_task-EPIFAR_run-03_ieeg.edf",
            "eventOnset_inDatabase_(ms)": 205.9517,
            "eventEnd_inDatabase_(ms)": 239.1754,
            "extracted_signal_duration_(ms)": 400.0,
            "predicted_type": null,
            "electrode_name": "cp",
            "channel_num": "4",
            "repeated_event": false
        },
        {
            "ID": 146,
            "type": "Spk-FR",
            "patient_num": 20,
            "chan_type": "micro",
            "chan_name": "cp06",
            "sampling_frequency": 5000,
            "eventTime_inFilename_(s)": 97.0734,
            "event_duration_(s)": 0.0367,
            "scale_unit": "uV",
            "filename": "sub-020_ses-Micro5khz04_task-EPIFAR_run-03_ieeg.edf",
            "eventOnset_inDatabase_(ms)": 174.3659,
            "eventEnd_inDatabase_(ms)": 234.629,
            "extracted_signal_duration_(ms)": 400.0,
            "electrode_name": "cp",
            "channel_num": "6",
            "repeated_event": false
        },
        {
            "ID": 211,
            "type": "Spk-FR",
            "patient_num": 20,
            "chan_type": "micro",
            "chan_name": "ap1",
            "sampling_frequency": 5000,
            "eventTime_inFilename_(s)": 508.059,
            "event_duration_(s)": 0.0218,
            "scale_unit": "uV",
            "filename": "sub-020_ses-Micro5khz04_task-EPIFAR_run-03_ieeg.edf",
            "eventOnset_inDatabase_(ms)": 198.2161,
            "eventEnd_inDatabase_(ms)": 221.6892,
            "extracted_signal_duration_(ms)": 400.0,
            "predicted_type": null,
            "electrode_name": "ap",
            "channel_num": "1",
            "repeated_event": false
        },
        {
            "ID": 212,
            "type": "Spk-FR",
            "patient_num": 20,
            "chan_type": "micro",
            "chan_name": "ap2",
            "sampling_frequency": 5000,
            "eventTime_inFilename_(s)": 508.0551,
            "event_duration_(s)": 0.0218,
            "scale_unit": "uV",
            "filename": "sub-020_ses-Micro5khz04_task-EPIFAR_run-03_ieeg.edf",
            "eventOnset_inDatabase_(ms)": 200.6598,
            "eventEnd_inDatabase_(ms)": 225.1865,
            "extracted_signal_duration_(ms)": 400.0,
            "electrode_name": "ap",
            "channel_num": "2",
            "repeated_event": true
        },
        {
            "ID": 214,
            "type": "Spk-FR",
            "patient_num": 20,
            "chan_type": "micro",
            "chan_name": "ap4",
            "sampling_frequency": 5000,
            "eventTime_inFilename_(s)": 508.056,
            "event_duration_(s)": 0.0218,
            "scale_unit": "uV",
            "filename": "sub-020_ses-Micro5khz04_task-EPIFAR_run-03_ieeg.edf",
            "eventOnset_inDatabase_(ms)": 199.0307,
            "eventEnd_inDatabase_(ms)": 225.1865,
            "extracted_signal_duration_(ms)": 400.0,
            "electrode_name": "ap",
            "channel_num": "4",
            "repeated_event": true
        },
        {
            "ID": 217,
            "type": "Spk-FR",
            "patient_num": 20,
            "chan_type": "micro",
            "chan_name": "ap2",
            "sampling_frequency": 5000,
            "eventTime_inFilename_(s)": 512.3075,
            "event_duration_(s)": 0.0185,
            "scale_unit": "uV",
            "filename": "sub-020_ses-Micro5khz04_task-EPIFAR_run-03_ieeg.edf",
            "eventOnset_inDatabase_(ms)": 207.3506,
            "eventEnd_inDatabase_(ms)": 230.3923,
            "extracted_signal_duration_(ms)": 400.0,
            "predicted_type": null,
            "electrode_name": "ap",
            "channel_num": "2",
            "repeated_event": false
        },
        {
            "ID": 219,
            "type": "Spk-FR",
            "patient_num": 20,
            "chan_type": "micro",
            "chan_name": "ap4",
            "sampling_frequency": 5000,
            "eventTime_inFilename_(s)": 512.3109,
            "event_duration_(s)": 0.0185,
            "scale_unit": "uV",
            "filename": "sub-020_ses-Micro5khz04_task-EPIFAR_run-03_ieeg.edf",
            "eventOnset_inDatabase_(ms)": 203.8534,
            "eventEnd_inDatabase_(ms)": 223.7876,
            "extracted_signal_duration_(ms)": 400.0,
            "electrode_name": "ap",
            "channel_num": "4",
            "repeated_event": true
        },
        {
            "ID": 220,
            "type": "Spk-FR",
            "patient_num": 20,
            "chan_type": "micro",
            "chan_name": "tbp5",
            "sampling_frequency": 5000,
            "eventTime_inFilename_(s)": 225.2635,
            "event_duration_(s)": 0.0175,
            "scale_unit": "uV",
            "filename": "sub-020_ses-Micro5khz04_task-EPIFAR_run-03_ieeg.edf",
            "eventOnset_inDatabase_(ms)": 214.5316,
            "eventEnd_inDatabase_(ms)": 234.629,
            "extracted_signal_duration_(ms)": 400.0,
            "electrode_name": "tbp",
            "channel_num": "5",
            "repeated_event": false
        },
        {
            "ID": 223,
            "type": "Spk-FR",
            "patient_num": 20,
            "chan_type": "micro",
            "chan_name": "tbp8",
            "sampling_frequency": 5000,
            "eventTime_inFilename_(s)": 225.262,
            "event_duration_(s)": 0.0175,
            "scale_unit": "uV",
            "filename": "sub-020_ses-Micro5khz04_task-EPIFAR_run-03_ieeg.edf",
            "eventOnset_inDatabase_(ms)": 215.7533,
            "eventEnd_inDatabase_(ms)": 235.6782,
            "extracted_signal_duration_(ms)": 400.0,
            "predicted_type": null,
            "electrode_name": "tbp",
            "channel_num": "8",
            "repeated_event": true
        },
        {
            "ID": 229,
            "type": "FR",
            "patient_num": 1,
            "chan_type": "micro",
            "chan_name": "c11",
            "sampling_frequency": 5000,
            "eventTime_inFilename_(s)": 30.3926,
            "event_duration_(s)": 0.0247,
            "scale_unit": "uV",
            "filename": "sub-001_ses-Micro5khz03_task-EPIFAR_run-03_ieeg.edf",
            "eventOnset_inDatabase_(ms)": 341.9939,
            "eventEnd_inDatabase_(ms)": 365.0756,
            "extracted_signal_duration_(ms)": 400.0,
            "electrode_name": "c",
            "channel_num": "11",
            "repeated_event": true
        },
        {
            "ID": 230,
            "type": "FR",
            "patient_num": 1,
            "chan_type": "micro",
            "chan_name": "c12",
            "sampling_frequency": 5000,
            "eventTime_inFilename_(s)": 30.3926,
            "event_duration_(s)": 0.0247,
            "scale_unit": "uV",
            "filename": "sub-001_ses-Micro5khz03_task-EPIFAR_run-03_ieeg.edf",
            "eventOnset_inDatabase_(ms)": 340.9447,
            "eventEnd_inDatabase_(ms)": 367.8734,
            "extracted_signal_duration_(ms)": 400.0,
            "electrode_name": "c",
            "channel_num": "12",
            "repeated_event": true
        },
        {
            "ID": 231,
            "type": "FR",
            "patient_num": 1,
            "chan_type": "micro",
            "chan_name": "c9",
            "sampling_frequency": 5000,
            "eventTime_inFilename_(s)": 30.3926,
            "event_duration_(s)": 0.0247,
            "scale_unit": "uV",
            "filename": "sub-001_ses-Micro5khz03_task-EPIFAR_run-03_ieeg.edf",
            "eventOnset_inDatabase_(ms)": 342.3436,
            "eventEnd_inDatabase_(ms)": 364.7258,
            "extracted_signal_duration_(ms)": 400.0,
            "electrode_name": "c",
            "channel_num": "9",
            "repeated_event": true
        },
        {
            "ID": 233,
            "type": "FR",
            "patient_num": 1,
            "chan_type": "micro",
            "chan_name": "c11",
            "sampling_frequency": 5000,
            "eventTime_inFilename_(s)": 30.5354,
            "event_duration_(s)": 0.0224,
            "scale_unit": "uV",
            "filename": "sub-001_ses-Micro5khz03_task-EPIFAR_run-03_ieeg.edf",
            "eventOnset_inDatabase_(ms)": 199.0307,
            "eventEnd_inDatabase_(ms)": 225.5362,
            "extracted_signal_duration_(ms)": 400.0,
            "electrode_name": "c",
            "channel_num": "11",
            "repeated_event": true
        },
        {
            "ID": 5146,
            "type": "Spk-FR",
            "patient_num": 18,
            "chan_type": "micro",
            "chan_name": "ap05",
            "sampling_frequency": 5000,
            "eventTime_inFilename_(s)": 315.38283333333,
            "event_duration_(s)": 0.0181333333403018,
            "extracted_signal_duration_(ms)": 400.0,
            "scale_unit": "uV",
            "filename": "sub-018_ses-Micro5khz01_task-EPIFAR_run-04_ieeg.edf",
            "eventOnset_inDatabase_(ms)": 194.7453,
            "eventEnd_inDatabase_(ms)": 223.13333334001754,
            "electrode_name": "ap",
            "channel_num": "5",
            "repeated_event": false
        },
        {
            "ID": 5174,
            "type": "Spk-FR",
            "patient_num": 18,
            "chan_type": "micro",
            "chan_name": "ap09",
            "sampling_frequency": 5000,
            "eventTime_inFilename_(s)": 376.087,
            "event_duration_(s)": 0.0174999999999272,
            "extracted_signal_duration_(ms)": 400.0,
            "scale_unit": "uV",
            "filename": "sub-018_ses-Micro5khz01_task-EPIFAR_run-04_ieeg.edf",
            "eventOnset_inDatabase_(ms)": 201.8783,
            "eventEnd_inDatabase_(ms)": 221.829,
            "predicted_type": null,
            "electrode_name": "ap",
            "channel_num": "9",
            "repeated_event": false
        },
        {
            "ID": 5213,
            "type": "Spk-FR",
            "patient_num": 18,
            "chan_type": "micro",
            "chan_name": "ap12",
            "sampling_frequency": 5000,
            "eventTime_inFilename_(s)": 542.9893,
            "event_duration_(s)": 0.0176333333297407,
            "extracted_signal_duration_(ms)": 400.0,
            "scale_unit": "uV",
            "filename": "sub-018_ses-Micro5khz01_task-EPIFAR_run-04_ieeg.edf",
            "eventOnset_inDatabase_(ms)": 199.2629,
            "eventEnd_inDatabase_(ms)": 222.63333333008177,
            "predicted_type": null,
            "electrode_name": "ap",
            "channel_num": "12",
            "repeated_event": true
        },
        {
            "ID": 5222,
            "type": "Spk-FR",
            "patient_num": 18,
            "chan_type": "micro",
            "chan_name": "tbp1",
            "sampling_frequency": 5000,
            "eventTime_inFilename_(s)": 93.7341333333299,
            "event_duration_(s)": 0.0263666666701283,
            "extracted_signal_duration_(ms)": 400.0,
            "scale_unit": "uV",
            "filename": "sub-018_ses-Micro5khz01_task-EPIFAR_run-05_ieeg.edf",
            "eventOnset_inDatabase_(ms)": 205.0,
            "eventEnd_inDatabase_(ms)": 231.3666666700999,
            "electrode_name": "tbp",
            "channel_num": "1",
            "repeated_event": false
        },
        {
            "ID": 5304,
            "type": "Spk-FR",
            "patient_num": 18,
            "chan_type": "micro",
            "chan_name": "tbp3",
            "sampling_frequency": 5000,
            "eventTime_inFilename_(s)": 170.12273333333,
            "event_duration_(s)": 0.0214666666702215,
            "extracted_signal_duration_(ms)": 400.0,
            "scale_unit": "uV",
            "filename": "sub-018_ses-Micro5khz01_task-EPIFAR_run-05_ieeg.edf",
            "eventOnset_inDatabase_(ms)": 205.0,
            "eventEnd_inDatabase_(ms)": 226.4666666700225,
            "electrode_name": "tbp",
            "channel_num": "3",
            "repeated_event": true
        }
    ]
}
