{
    "Title": "Epileptic events database",
    "Authors": {
        "Names": [
            "Ludovic GARDY",
            "Jonathan CUROT",
            "Luc VALTON",
            "Christophe HURTER",
            "Emmanuel J. BARBEAU"
        ],
        "Titles": [
            "PhD - Research engineer",
            "MD, PhD - Epileptologist",
            "MD - Epileptologist",
            "PhD - Research director",
            "PhD - Professor"
        ],
        "Affiliations": [
            "CerCo, CNRS UMR5549, Toulouse, France",
            "Purpan Hospital and CerCo, CNRS UMR5549, Toulouse, France",
            "Purpan Hospital, Toulouse, France",
            "CerCo, CNRS UMR5549, Toulouse, France",
            "ENAC, Toulouse, France"
        ],
        "emails": [
            "ludovic.gardy@cnrs.fr",
            "curot.j@chu-toulouse.fr",
            "valton.l@chu-toulouse.fr",
            "christophe.hurter@enac.fr",
            "emmanuel.barbeau@cnrs.fr"
        ]
    },
    "last_event_done_(idx)": 0,
    "events_info": [
        {
            "ID": 93,
            "type": "Noise",
            "patient_num": 4,
            "chan_type": "micro",
            "chan_name": "fd01",
            "sampling_frequency": 5000,
            "eventTime_inFilename_(s)": 460.0,
            "event_duration_(s)": 0.0,
            "extracted_signal_duration_(ms)": 400.0,
            "scale_unit": "uV",
            "filename": "sub-004_ses-Micro5khz02_task-EPIFAR_run-02_ieeg.edf",
            "eventOnset_inDatabase_(ms)": null,
            "eventEnd_inDatabase_(ms)": null
        },
        {
            "ID": 95,
            "type": "Noise",
            "patient_num": 4,
            "chan_type": "micro",
            "chan_name": "tp2",
            "sampling_frequency": 5000,
            "eventTime_inFilename_(s)": 361.0,
            "event_duration_(s)": 0.0,
            "extracted_signal_duration_(ms)": 400.0,
            "scale_unit": "uV",
            "filename": "sub-004_ses-Micro5khz02_task-EPIFAR_run-02_ieeg.edf",
            "eventOnset_inDatabase_(ms)": null,
            "eventEnd_inDatabase_(ms)": null
        },
        {
            "ID": 96,
            "type": "Noise",
            "patient_num": 4,
            "chan_type": "micro",
            "chan_name": "fd05",
            "sampling_frequency": 5000,
            "eventTime_inFilename_(s)": 395.0,
            "event_duration_(s)": 0.0,
            "extracted_signal_duration_(ms)": 400.0,
            "scale_unit": "uV",
            "filename": "sub-004_ses-Micro5khz02_task-EPIFAR_run-02_ieeg.edf",
            "eventOnset_inDatabase_(ms)": null,
            "eventEnd_inDatabase_(ms)": null
        },
        {
            "ID": 97,
            "type": "Noise",
            "patient_num": 4,
            "chan_type": "micro",
            "chan_name": "cr03",
            "sampling_frequency": 5000,
            "eventTime_inFilename_(s)": 166.0,
            "event_duration_(s)": 0.0,
            "extracted_signal_duration_(ms)": 400.0,
            "scale_unit": "uV",
            "filename": "sub-004_ses-Micro5khz02_task-EPIFAR_run-02_ieeg.edf",
            "eventOnset_inDatabase_(ms)": null,
            "eventEnd_inDatabase_(ms)": null
        },
        {
            "ID": 98,
            "type": "Noise",
            "patient_num": 4,
            "chan_type": "micro",
            "chan_name": "tp1",
            "sampling_frequency": 5000,
            "eventTime_inFilename_(s)": 290.0,
            "event_duration_(s)": 0.0,
            "extracted_signal_duration_(ms)": 400.0,
            "scale_unit": "uV",
            "filename": "sub-004_ses-Micro5khz02_task-EPIFAR_run-02_ieeg.edf",
            "eventOnset_inDatabase_(ms)": null,
            "eventEnd_inDatabase_(ms)": null
        },
        {
            "ID": 99,
            "type": "Noise",
            "patient_num": 4,
            "chan_type": "micro",
            "chan_name": "fd07",
            "sampling_frequency": 5000,
            "eventTime_inFilename_(s)": 182.0,
            "event_duration_(s)": 0.0,
            "extracted_signal_duration_(ms)": 400.0,
            "scale_unit": "uV",
            "filename": "sub-004_ses-Micro5khz02_task-EPIFAR_run-02_ieeg.edf",
            "eventOnset_inDatabase_(ms)": null,
            "eventEnd_inDatabase_(ms)": null
        },
        {
            "ID": 100,
            "type": "Noise",
            "patient_num": 4,
            "chan_type": "micro",
            "chan_name": "fd05",
            "sampling_frequency": 5000,
            "eventTime_inFilename_(s)": 254.0,
            "event_duration_(s)": 0.0,
            "extracted_signal_duration_(ms)": 400.0,
            "scale_unit": "uV",
            "filename": "sub-004_ses-Micro5khz02_task-EPIFAR_run-02_ieeg.edf",
            "eventOnset_inDatabase_(ms)": null,
            "eventEnd_inDatabase_(ms)": null
        },
        {
            "ID": 101,
            "type": "Noise",
            "patient_num": 4,
            "chan_type": "micro",
            "chan_name": "cr01",
            "sampling_frequency": 5000,
            "eventTime_inFilename_(s)": 86.0,
            "event_duration_(s)": 0.0,
            "extracted_signal_duration_(ms)": 400.0,
            "scale_unit": "uV",
            "filename": "sub-004_ses-Micro5khz02_task-EPIFAR_run-02_ieeg.edf",
            "eventOnset_inDatabase_(ms)": null,
            "eventEnd_inDatabase_(ms)": null
        },
        {
            "ID": 102,
            "type": "Noise",
            "patient_num": 4,
            "chan_type": "micro",
            "chan_name": "fd10",
            "sampling_frequency": 5000,
            "eventTime_inFilename_(s)": 213.0,
            "event_duration_(s)": 0.0,
            "extracted_signal_duration_(ms)": 400.0,
            "scale_unit": "uV",
            "filename": "sub-004_ses-Micro5khz02_task-EPIFAR_run-02_ieeg.edf",
            "eventOnset_inDatabase_(ms)": null,
            "eventEnd_inDatabase_(ms)": null
        },
        {
            "ID": 103,
            "type": "Noise",
            "patient_num": 4,
            "chan_type": "micro",
            "chan_name": "fd01",
            "sampling_frequency": 5000,
            "eventTime_inFilename_(s)": 99.0,
            "event_duration_(s)": 0.0,
            "extracted_signal_duration_(ms)": 400.0,
            "scale_unit": "uV",
            "filename": "sub-004_ses-Micro5khz02_task-EPIFAR_run-02_ieeg.edf",
            "eventOnset_inDatabase_(ms)": null,
            "eventEnd_inDatabase_(ms)": null
        },
        {
            "ID": 104,
            "type": "Noise",
            "patient_num": 4,
            "chan_type": "micro",
            "chan_name": "tp8",
            "sampling_frequency": 5000,
            "eventTime_inFilename_(s)": 464.0,
            "event_duration_(s)": 0.0,
            "extracted_signal_duration_(ms)": 400.0,
            "scale_unit": "uV",
            "filename": "sub-004_ses-Micro5khz02_task-EPIFAR_run-02_ieeg.edf",
            "eventOnset_inDatabase_(ms)": null,
            "eventEnd_inDatabase_(ms)": null
        },
        {
            "ID": 105,
            "type": "Noise",
            "patient_num": 4,
            "chan_type": "micro",
            "chan_name": "cr10",
            "sampling_frequency": 5000,
            "eventTime_inFilename_(s)": 313.0,
            "event_duration_(s)": 0.0,
            "extracted_signal_duration_(ms)": 400.0,
            "scale_unit": "uV",
            "filename": "sub-004_ses-Micro5khz02_task-EPIFAR_run-02_ieeg.edf",
            "eventOnset_inDatabase_(ms)": null,
            "eventEnd_inDatabase_(ms)": null
        },
        {
            "ID": 106,
            "type": "Noise",
            "patient_num": 4,
            "chan_type": "micro",
            "chan_name": "cr09",
            "sampling_frequency": 5000,
            "eventTime_inFilename_(s)": 36.0,
            "event_duration_(s)": 0.0,
            "extracted_signal_duration_(ms)": 400.0,
            "scale_unit": "uV",
            "filename": "sub-004_ses-Micro5khz02_task-EPIFAR_run-02_ieeg.edf",
            "eventOnset_inDatabase_(ms)": null,
            "eventEnd_inDatabase_(ms)": null
        },
        {
            "ID": 107,
            "type": "Noise",
            "patient_num": 4,
            "chan_type": "micro",
            "chan_name": "tp8",
            "sampling_frequency": 5000,
            "eventTime_inFilename_(s)": 459.0,
            "event_duration_(s)": 0.0,
            "extracted_signal_duration_(ms)": 400.0,
            "scale_unit": "uV",
            "filename": "sub-004_ses-Micro5khz02_task-EPIFAR_run-02_ieeg.edf",
            "eventOnset_inDatabase_(ms)": null,
            "eventEnd_inDatabase_(ms)": null
        },
        {
            "ID": 108,
            "type": "Noise",
            "patient_num": 4,
            "chan_type": "micro",
            "chan_name": "fd08",
            "sampling_frequency": 5000,
            "eventTime_inFilename_(s)": 37.0,
            "event_duration_(s)": 0.0,
            "extracted_signal_duration_(ms)": 400.0,
            "scale_unit": "uV",
            "filename": "sub-004_ses-Micro5khz02_task-EPIFAR_run-02_ieeg.edf",
            "eventOnset_inDatabase_(ms)": null,
            "eventEnd_inDatabase_(ms)": null
        },
        {
            "ID": 109,
            "type": "Noise",
            "patient_num": 4,
            "chan_type": "micro",
            "chan_name": "fd03",
            "sampling_frequency": 5000,
            "eventTime_inFilename_(s)": 370.0,
            "event_duration_(s)": 0.0,
            "extracted_signal_duration_(ms)": 400.0,
            "scale_unit": "uV",
            "filename": "sub-004_ses-Micro5khz02_task-EPIFAR_run-02_ieeg.edf",
            "eventOnset_inDatabase_(ms)": null,
            "eventEnd_inDatabase_(ms)": null
        },
        {
            "ID": 110,
            "type": "Noise",
            "patient_num": 4,
            "chan_type": "micro",
            "chan_name": "tp4",
            "sampling_frequency": 5000,
            "eventTime_inFilename_(s)": 353.0,
            "event_duration_(s)": 0.0,
            "extracted_signal_duration_(ms)": 400.0,
            "scale_unit": "uV",
            "filename": "sub-004_ses-Micro5khz02_task-EPIFAR_run-02_ieeg.edf",
            "eventOnset_inDatabase_(ms)": null,
            "eventEnd_inDatabase_(ms)": null
        },
        {
            "ID": 111,
            "type": "Noise",
            "patient_num": 4,
            "chan_type": "micro",
            "chan_name": "cr07",
            "sampling_frequency": 5000,
            "eventTime_inFilename_(s)": 28.0,
            "event_duration_(s)": 0.0,
            "extracted_signal_duration_(ms)": 400.0,
            "scale_unit": "uV",
            "filename": "sub-004_ses-Micro5khz02_task-EPIFAR_run-02_ieeg.edf",
            "eventOnset_inDatabase_(ms)": null,
            "eventEnd_inDatabase_(ms)": null
        },
        {
            "ID": 112,
            "type": "Noise",
            "patient_num": 4,
            "chan_type": "micro",
            "chan_name": "tp8",
            "sampling_frequency": 5000,
            "eventTime_inFilename_(s)": 417.0,
            "event_duration_(s)": 0.0,
            "extracted_signal_duration_(ms)": 400.0,
            "scale_unit": "uV",
            "filename": "sub-004_ses-Micro5khz02_task-EPIFAR_run-02_ieeg.edf",
            "eventOnset_inDatabase_(ms)": null,
            "eventEnd_inDatabase_(ms)": null
        }
    ]
}
