{
    "Title": "Epileptic events database",
    "Authors": {
        "Names": [
            "Ludovic GARDY",
            "Jonathan CUROT",
            "Luc VALTON",
            "Christophe HURTER",
            "Emmanuel J. BARBEAU"
        ],
        "Titles": [
            "PhD - Research engineer",
            "MD, PhD - Epileptologist",
            "MD - Epileptologist",
            "PhD - Research director",
            "PhD - Professor"
        ],
        "Affiliations": [
            "CerCo, CNRS UMR5549, Toulouse, France",
            "Purpan Hospital and CerCo, CNRS UMR5549, Toulouse, France",
            "Purpan Hospital, Toulouse, France",
            "CerCo, CNRS UMR5549, Toulouse, France",
            "ENAC, Toulouse, France"
        ],
        "emails": [
            "ludovic.gardy@cnrs.fr",
            "curot.j@chu-toulouse.fr",
            "valton.l@chu-toulouse.fr",
            "christophe.hurter@enac.fr",
            "emmanuel.barbeau@cnrs.fr"
        ]
    },
    "last_event_done_(idx)": 0,
    "events_info": [
        {
            "ID": 4878,
            "type": "Noise",
            "patient_num": 4,
            "chan_type": "macro",
            "chan_name": "FD'7-FD'8",
            "sampling_frequency": 2048,
            "eventTime_inFilename_(s)": 1408.0,
            "event_duration_(s)": 0.0,
            "extracted_signal_duration_(ms)": 400.0,
            "scale_unit": "uV",
            "filename": "sub-004_ses-MacroBipolar02_task-EPIFAR_run-01_ieeg.edf",
            "eventOnset_inDatabase_(ms)": null,
            "eventEnd_inDatabase_(ms)": null
        },
        {
            "ID": 4879,
            "type": "Noise",
            "patient_num": 4,
            "chan_type": "macro",
            "chan_name": "SA6-SA7",
            "sampling_frequency": 2048,
            "eventTime_inFilename_(s)": 875.0,
            "event_duration_(s)": 0.0,
            "extracted_signal_duration_(ms)": 400.0,
            "scale_unit": "uV",
            "filename": "sub-004_ses-MacroBipolar02_task-EPIFAR_run-01_ieeg.edf",
            "eventOnset_inDatabase_(ms)": null,
            "eventEnd_inDatabase_(ms)": null
        },
        {
            "ID": 4880,
            "type": "Noise",
            "patient_num": 4,
            "chan_type": "macro",
            "chan_name": "A11-A12",
            "sampling_frequency": 2048,
            "eventTime_inFilename_(s)": 858.0,
            "event_duration_(s)": 0.0,
            "extracted_signal_duration_(ms)": 400.0,
            "scale_unit": "uV",
            "filename": "sub-004_ses-MacroBipolar02_task-EPIFAR_run-01_ieeg.edf",
            "eventOnset_inDatabase_(ms)": null,
            "eventEnd_inDatabase_(ms)": null
        },
        {
            "ID": 4881,
            "type": "Noise",
            "patient_num": 4,
            "chan_type": "macro",
            "chan_name": "CC8-CC9",
            "sampling_frequency": 2048,
            "eventTime_inFilename_(s)": 1112.0,
            "event_duration_(s)": 0.0,
            "extracted_signal_duration_(ms)": 400.0,
            "scale_unit": "uV",
            "filename": "sub-004_ses-MacroBipolar02_task-EPIFAR_run-01_ieeg.edf",
            "eventOnset_inDatabase_(ms)": null,
            "eventEnd_inDatabase_(ms)": null
        },
        {
            "ID": 4882,
            "type": "Noise",
            "patient_num": 4,
            "chan_type": "macro",
            "chan_name": "PM7-PM8",
            "sampling_frequency": 2048,
            "eventTime_inFilename_(s)": 3119.0,
            "event_duration_(s)": 0.0,
            "extracted_signal_duration_(ms)": 400.0,
            "scale_unit": "uV",
            "filename": "sub-004_ses-MacroBipolar02_task-EPIFAR_run-01_ieeg.edf",
            "eventOnset_inDatabase_(ms)": null,
            "eventEnd_inDatabase_(ms)": null
        },
        {
            "ID": 4883,
            "type": "Noise",
            "patient_num": 4,
            "chan_type": "macro",
            "chan_name": "OR'3-OR'4",
            "sampling_frequency": 2048,
            "eventTime_inFilename_(s)": 1849.0,
            "event_duration_(s)": 0.0,
            "extracted_signal_duration_(ms)": 400.0,
            "scale_unit": "uV",
            "filename": "sub-004_ses-MacroBipolar02_task-EPIFAR_run-01_ieeg.edf",
            "eventOnset_inDatabase_(ms)": null,
            "eventEnd_inDatabase_(ms)": null
        },
        {
            "ID": 4884,
            "type": "Noise",
            "patient_num": 4,
            "chan_type": "macro",
            "chan_name": "A3-A4",
            "sampling_frequency": 2048,
            "eventTime_inFilename_(s)": 975.0,
            "event_duration_(s)": 0.0,
            "extracted_signal_duration_(ms)": 400.0,
            "scale_unit": "uV",
            "filename": "sub-004_ses-MacroBipolar02_task-EPIFAR_run-01_ieeg.edf",
            "eventOnset_inDatabase_(ms)": null,
            "eventEnd_inDatabase_(ms)": null
        },
        {
            "ID": 4885,
            "type": "Noise",
            "patient_num": 4,
            "chan_type": "macro",
            "chan_name": "R2-R3",
            "sampling_frequency": 2048,
            "eventTime_inFilename_(s)": 720.0,
            "event_duration_(s)": 0.0,
            "extracted_signal_duration_(ms)": 400.0,
            "scale_unit": "uV",
            "filename": "sub-004_ses-MacroBipolar02_task-EPIFAR_run-01_ieeg.edf",
            "eventOnset_inDatabase_(ms)": null,
            "eventEnd_inDatabase_(ms)": null
        },
        {
            "ID": 4886,
            "type": "Noise",
            "patient_num": 4,
            "chan_type": "macro",
            "chan_name": "OR'11-OR'12",
            "sampling_frequency": 2048,
            "eventTime_inFilename_(s)": 898.0,
            "event_duration_(s)": 0.0,
            "extracted_signal_duration_(ms)": 400.0,
            "scale_unit": "uV",
            "filename": "sub-004_ses-MacroBipolar02_task-EPIFAR_run-01_ieeg.edf",
            "eventOnset_inDatabase_(ms)": null,
            "eventEnd_inDatabase_(ms)": null
        },
        {
            "ID": 4887,
            "type": "Noise",
            "patient_num": 4,
            "chan_type": "macro",
            "chan_name": "OR'9-OR'10",
            "sampling_frequency": 2048,
            "eventTime_inFilename_(s)": 1432.0,
            "event_duration_(s)": 0.0,
            "extracted_signal_duration_(ms)": 400.0,
            "scale_unit": "uV",
            "filename": "sub-004_ses-MacroBipolar02_task-EPIFAR_run-01_ieeg.edf",
            "eventOnset_inDatabase_(ms)": null,
            "eventEnd_inDatabase_(ms)": null
        },
        {
            "ID": 4888,
            "type": "Noise",
            "patient_num": 4,
            "chan_type": "macro",
            "chan_name": "CC3-CC4",
            "sampling_frequency": 2048,
            "eventTime_inFilename_(s)": 3227.0,
            "event_duration_(s)": 0.0,
            "extracted_signal_duration_(ms)": 400.0,
            "scale_unit": "uV",
            "filename": "sub-004_ses-MacroBipolar02_task-EPIFAR_run-01_ieeg.edf",
            "eventOnset_inDatabase_(ms)": null,
            "eventEnd_inDatabase_(ms)": null
        },
        {
            "ID": 4889,
            "type": "Noise",
            "patient_num": 4,
            "chan_type": "macro",
            "chan_name": "OF1-OF2",
            "sampling_frequency": 2048,
            "eventTime_inFilename_(s)": 317.0,
            "event_duration_(s)": 0.0,
            "extracted_signal_duration_(ms)": 400.0,
            "scale_unit": "uV",
            "filename": "sub-004_ses-MacroBipolar02_task-EPIFAR_run-01_ieeg.edf",
            "eventOnset_inDatabase_(ms)": null,
            "eventEnd_inDatabase_(ms)": null
        },
        {
            "ID": 4890,
            "type": "Noise",
            "patient_num": 4,
            "chan_type": "macro",
            "chan_name": "PA5-PA6",
            "sampling_frequency": 2048,
            "eventTime_inFilename_(s)": 1560.0,
            "event_duration_(s)": 0.0,
            "extracted_signal_duration_(ms)": 400.0,
            "scale_unit": "uV",
            "filename": "sub-004_ses-MacroBipolar02_task-EPIFAR_run-01_ieeg.edf",
            "eventOnset_inDatabase_(ms)": null,
            "eventEnd_inDatabase_(ms)": null
        },
        {
            "ID": 4891,
            "type": "Noise",
            "patient_num": 4,
            "chan_type": "macro",
            "chan_name": "OR'10-OR'11",
            "sampling_frequency": 2048,
            "eventTime_inFilename_(s)": 2604.0,
            "event_duration_(s)": 0.0,
            "extracted_signal_duration_(ms)": 400.0,
            "scale_unit": "uV",
            "filename": "sub-004_ses-MacroBipolar02_task-EPIFAR_run-01_ieeg.edf",
            "eventOnset_inDatabase_(ms)": null,
            "eventEnd_inDatabase_(ms)": null
        },
        {
            "ID": 4892,
            "type": "Noise",
            "patient_num": 4,
            "chan_type": "macro",
            "chan_name": "OR'9-OR'10",
            "sampling_frequency": 2048,
            "eventTime_inFilename_(s)": 1189.0,
            "event_duration_(s)": 0.0,
            "extracted_signal_duration_(ms)": 400.0,
            "scale_unit": "uV",
            "filename": "sub-004_ses-MacroBipolar02_task-EPIFAR_run-01_ieeg.edf",
            "eventOnset_inDatabase_(ms)": null,
            "eventEnd_inDatabase_(ms)": null
        },
        {
            "ID": 4893,
            "type": "Noise",
            "patient_num": 4,
            "chan_type": "macro",
            "chan_name": "CR1-CR2",
            "sampling_frequency": 2048,
            "eventTime_inFilename_(s)": 3515.0,
            "event_duration_(s)": 0.0,
            "extracted_signal_duration_(ms)": 400.0,
            "scale_unit": "uV",
            "filename": "sub-004_ses-MacroBipolar02_task-EPIFAR_run-01_ieeg.edf",
            "eventOnset_inDatabase_(ms)": null,
            "eventEnd_inDatabase_(ms)": null
        },
        {
            "ID": 4894,
            "type": "Noise",
            "patient_num": 4,
            "chan_type": "macro",
            "chan_name": "PM2-PM3",
            "sampling_frequency": 2048,
            "eventTime_inFilename_(s)": 1593.0,
            "event_duration_(s)": 0.0,
            "extracted_signal_duration_(ms)": 400.0,
            "scale_unit": "uV",
            "filename": "sub-004_ses-MacroBipolar02_task-EPIFAR_run-01_ieeg.edf",
            "eventOnset_inDatabase_(ms)": null,
            "eventEnd_inDatabase_(ms)": null
        },
        {
            "ID": 4895,
            "type": "Noise",
            "patient_num": 4,
            "chan_type": "macro",
            "chan_name": "CC13-CC14",
            "sampling_frequency": 2048,
            "eventTime_inFilename_(s)": 1028.0,
            "event_duration_(s)": 0.0,
            "extracted_signal_duration_(ms)": 400.0,
            "scale_unit": "uV",
            "filename": "sub-004_ses-MacroBipolar02_task-EPIFAR_run-01_ieeg.edf",
            "eventOnset_inDatabase_(ms)": null,
            "eventEnd_inDatabase_(ms)": null
        },
        {
            "ID": 4896,
            "type": "Noise",
            "patient_num": 4,
            "chan_type": "macro",
            "chan_name": "OR13-OR14",
            "sampling_frequency": 2048,
            "eventTime_inFilename_(s)": 1392.0,
            "event_duration_(s)": 0.0,
            "extracted_signal_duration_(ms)": 400.0,
            "scale_unit": "uV",
            "filename": "sub-004_ses-MacroBipolar02_task-EPIFAR_run-01_ieeg.edf",
            "eventOnset_inDatabase_(ms)": null,
            "eventEnd_inDatabase_(ms)": null
        }
    ]
}
